-- 清空竞品相关表数据
DELETE FROM competitor_tag;
DELETE FROM competitor_analysis;
DELETE FROM competitor_source;
DELETE FROM competitor_info;

-- 竞品信息测试数据
INSERT INTO `competitor_info` (`id`, `title`, `company`, `type`, `capture_time`, `summary`, `content`, `related_info`, `tags`) VALUES
(1, '招商银行信用卡APP"掌上生活"上线10.0版本，整合本地生活服务', '招商银行', 'APP更新', '2024-10-26 09:15:00', '新版本大幅强化非金融场景，引入电影票、外卖、打车等本地生活服务，意图提升用户粘性和活跃度。', '招商银行信用卡APP"掌上生活"发布10.0版本，大幅增强非金融场景，引入各类本地生活服务，构建更全面的生活服务生态。', '<p>根据公开信息及用户反馈，"掌上生活" 10.0 版本主要更新包括：</p>\n<ul>\n<li>首页改版：采用<mark>卡片式设计</mark>，更突出本地生活服务入口。</li>\n<li>新增"生活"板块：聚合<mark>电影、美食、外卖、酒店、出行</mark>等多种服务。</li>\n<li>优化"我的"页面：整合账户信息、积分、优惠券等。</li>\n</ul>', '["用户体验", "生态整合", "功能增强"]'),
(2, '平安银行针对新户推出"开户即享3.5%理财"营销活动', '平安银行', '营销活动', '2024-10-25 14:30:00', '活动目标明确指向拉新，利用短期高收益理财产品吸引新客户。', '平安银行推出针对新开户客户的专属活动，新客户开户后即可获得3.5%年化收益的理财产品优惠资格，期限为3个月。', '<p>活动详情：</p>\n<ul>\n<li>活动时间：2024年10月25日至2024年11月25日</li>\n<li>活动对象：首次开立平安银行储蓄账户的个人客户</li>\n<li>活动内容：成功开户后7天内，可购买一款年化收益率3.5%的专属理财产品，单人限购10万元</li>\n<li>产品期限：3个月</li>\n</ul>', '["获客策略", "定价策略", "理财产品"]'),
(3, '微众银行发布2024年Q3财报：净息差略有收窄，不良率保持稳定', '微众银行', '财报数据', '2024-10-24 10:00:00', '财报显示其在资产规模扩张的同时，面临息差压力，但资产质量控制良好。', '微众银行发布2024年第三季度财报，数据显示其资产规模同比增长15.2%，净息差收窄至2.87%，不良贷款率维持在1.21%的相对稳定水平。', '<p>财报核心数据：</p>\n<ul>\n<li>总资产：3,456亿元，同比增长15.2%</li>\n<li>净利润：18.7亿元，同比增长8.6%</li>\n<li>净息差：2.87%（上季度为2.92%）</li>\n<li>不良贷款率：1.21%（上季度为1.19%）</li>\n<li>零售贷款占比：73.5%</li>\n<li>资本充足率：14.8%</li>\n</ul>', '["盈利能力", "风险指标", "资产质量"]');

-- 竞品标签测试数据
INSERT INTO `competitor_tag` (`competitor_id`, `label`, `color`) VALUES
(1, '用户体验', 'blue'),
(1, '生态整合', 'indigo'),
(1, '功能增强', 'green'),
(2, '获客策略', 'pink'),
(2, '定价策略', 'yellow'),
(2, '理财产品', 'purple'),
(3, '盈利能力', 'red'),
(3, '风险指标', 'orange'),
(3, '资产质量', 'teal');

-- 竞品分析建议测试数据
INSERT INTO `competitor_analysis` (`competitor_id`, `content`, `sort_order`) VALUES
(1, '新版本大幅强化非金融场景，<mark>引入电影票、外卖、打车等本地生活服务</mark>，意图提升用户粘性和活跃度。', 1),
(1, '通过<mark>开放平台策略整合第三方服务</mark>，构建更全面的生活服务生态，对标互联网平台。', 2),
(1, '建议：密切关注其<mark>用户反馈和活跃度数据</mark>，分析我行APP引入类似生活服务场景的必要性和可行性。', 3),
(1, '建议：研究其<mark>合作伙伴模式和接口标准</mark>，评估我行开放银行战略的潜在合作机会。', 4),
(2, '活动目标明确指向拉新，利用<mark>短期高收益理财产品</mark>作为获客手段。', 1),
(2, '3.5%的年化收益在当前市场环境下具有较强吸引力，但仅限新客户，激活存量客户效果有限。', 2),
(2, '建议：分析其活动转化率和成本投入比，评估我行类似活动的可行性。', 3),
(2, '建议：关注其后续客户留存度，评估此类一次性高息活动的长期价值。', 4),
(3, '净息差收窄反映了当前银行业普遍面临的息差压力，微众银行作为互联网银行也不例外。', 1),
(3, '不良率的轻微上升在可控范围内，显示其风险管理体系运行良好。', 2),
(3, '建议：关注其应对息差收窄的策略，包括业务结构调整、成本控制等方面的措施。', 3),
(3, '建议：对比我行同类业务的资产质量指标，评估风险管理政策的有效性。', 4);

-- 竞品资源链接测试数据
INSERT INTO `competitor_source` (`competitor_id`, `title`, `url`, `sort_order`) VALUES
(1, '招商银行官网公告', 'https://www.cmbchina.com/CreditCard/news/2024/1026.html', 1),
(1, '科技媒体评测文章', 'https://tech.example.com/review/cmb-app-update', 2),
(1, 'App Store 版本更新说明', 'https://apps.apple.com/cn/app/cmb-life', 3),
(2, '平安银行活动页面', 'https://bank.pingan.com/activity/newuser2024', 1),
(2, '金融评论文章', 'https://finance.example.com/pingan-marketing-strategy', 2),
(3, '微众银行官方财报', 'https://www.webank.com/report/2024q3.pdf', 1),
(3, '金融分析师评论', 'https://finance.example.com/webank-q3-analysis', 2),
(3, '行业数据对比报告', 'https://research.example.com/internet-banks-2024q3', 3); 